osm_name,google_name,google_address,geometry
Grünzug Josthöhe,Grünzug Lokstedt,"Rimbertweg 17F, 22529 Hamburg, Deutschland","{'location': {'lat': 53.5896295, 'lng': 9.9545776}, 'viewport': {'northeast': {'lat': 53.59146397989272, 'lng': 9.956097079892722}, 'southwest': {'lat': 53.58876432010728, 'lng': 9.953397420107276}}}"
Große Wallanlagen,Große Wallanlagen,"Holstenwall 30, 20355 Hamburg, Deutschland","{'location': {'lat': 53.5537478, 'lng': 9.9744367}, 'viewport': {'northeast': {'lat': 53.55473367989272, 'lng': 9.977239650000005}, 'southwest': {'lat': 53.55203402010727, 'lng': 9.97344585}}}"
Donners-Park,Donners Park,"Donners Park, 22763 Hamburg, Deutschland","{'location': {'lat': 53.5452571, 'lng': 9.924795399999999}, 'viewport': {'northeast': {'lat': 53.54674107989272, 'lng': 9.926853699999999}, 'southwest': {'lat': 53.54404142010728, 'lng': 9.9204861}}}"
Kupferpark,Spielplatz Kupferpark,"Farmsen - Berne, 22159 Hamburg, Deutschland","{'location': {'lat': 53.59900529999999, 'lng': 10.1194191}, 'viewport': {'northeast': {'lat': 53.60057307989272, 'lng': 10.12097782989272}, 'southwest': {'lat': 53.59787342010728, 'lng': 10.11827817010728}}}"
Trabrennbahn,Trabrennbahn Bahrenfeld,"Luruper Ch 30, 22761 Hamburg, Deutschland","{'location': {'lat': 53.57647780000001, 'lng': 9.8924625}, 'viewport': {'northeast': {'lat': 53.57804777989272, 'lng': 9.89429697989272}, 'southwest': {'lat': 53.57534812010728, 'lng': 9.891597320107277}}}"
Park am Ziegelteich,Spielplatz und Park am Ziegelteich,"Am Ziegelteich 20, 22525 Hamburg, Deutschland","{'location': {'lat': 53.5743088, 'lng': 9.9339272}, 'viewport': {'northeast': {'lat': 53.57568662989272, 'lng': 9.934675979892722}, 'southwest': {'lat': 53.57298697010727, 'lng': 9.931976320107278}}}"
Schiffbeker Moor,Schiffbeker Moor,"Schiffbeker Moor, 22119 Hamburg, Deutschland","{'location': {'lat': 53.5577386, 'lng': 10.1107477}, 'viewport': {'northeast': {'lat': 53.55924847989272, 'lng': 10.11196492989272}, 'southwest': {'lat': 53.55654882010727, 'lng': 10.10926527010728}}}"
Hempenkamp - Eichenrehmen,Wohngruppe Am Eichenrehmen,"Am Eichenrehmen 3, 22359 Hamburg, Deutschland","{'location': {'lat': 53.6464404, 'lng': 10.1846308}, 'viewport': {'northeast': {'lat': 53.64782387989272, 'lng': 10.18599272989272}, 'southwest': {'lat': 53.64512422010728, 'lng': 10.18329307010728}}}"
Loki-Schmidt-Garten,Loki-Schmidt-Garten Botanischer Garten der Universität Hamburg,"Ohnhorststraße (ohne, Hausnummer, 22609 Hamburg, Deutschland","{'location': {'lat': 53.5620176, 'lng': 9.861007899999999}, 'viewport': {'northeast': {'lat': 53.56354965, 'lng': 9.86436985}, 'southwest': {'lat': 53.55742144999999, 'lng': 9.859887249999996}}}"
Traunspark,Spielhaus Traunspark,"Ausschläger Elbdeich 1B, 20539 Hamburg, Deutschland","{'location': {'lat': 53.5309185, 'lng': 10.0437771}, 'viewport': {'northeast': {'lat': 53.53194692989273, 'lng': 10.04476027989272}, 'southwest': {'lat': 53.52924727010728, 'lng': 10.04206062010728}}}"
Viertes Wandsbeker Gehölz,Teich im 4. Wandsbeker Gehölz,"Kielmannseggstraße 80, 22043 Hamburg, Deutschland","{'location': {'lat': 53.5664388, 'lng': 10.0942244}, 'viewport': {'northeast': {'lat': 53.56782257989272, 'lng': 10.09492267989272}, 'southwest': {'lat': 53.56512292010728, 'lng': 10.09222302010728}}}"
Reemtsma-Park,Reemtsma Park,"Parkstraße 55d, 22605 Hamburg, Deutschland","{'location': {'lat': 53.5505882, 'lng': 9.875207699999999}, 'viewport': {'northeast': {'lat': 53.55223897989273, 'lng': 9.876218249999997}, 'southwest': {'lat': 53.54953932010728, 'lng': 9.872176050000004}}}"
Kellinghusenpark,Kellinghusens Park,"20249 Hamburg, Deutschland","{'location': {'lat': 53.5885058, 'lng': 9.9881956}, 'viewport': {'northeast': {'lat': 53.59000182989271, 'lng': 9.98978167989272}, 'southwest': {'lat': 53.58730217010727, 'lng': 9.987082020107277}}}"
Haselknick,Haselknick,"Haselknick, 22397 Wandsbek, Deutschland","{'location': {'lat': 53.69312499999999, 'lng': 10.1249532}, 'viewport': {'northeast': {'lat': 53.69447482989272, 'lng': 10.12630302989272}, 'southwest': {'lat': 53.69177517010728, 'lng': 10.12360337010728}}}"
Wilhelmsburger Rathauspark,Wilhelmsburger Rathauspark,"Wilhelmsburger Rathauspark, Hamburg, Deutschland","{'location': {'lat': 53.4980854, 'lng': 9.996668699999999}, 'viewport': {'northeast': {'lat': 53.49966212989272, 'lng': 9.99801897989272}, 'southwest': {'lat': 53.49696247010728, 'lng': 9.995319320107276}}}"
Drittes Wandsbeker Gehölz,Wandsbeker Gehölz,"Unnamed Road, 22043 Hamburg, Deutschland","{'location': {'lat': 53.5665139, 'lng': 10.0939957}, 'viewport': {'northeast': {'lat': 53.56796542989272, 'lng': 10.09475367989272}, 'southwest': {'lat': 53.56526577010727, 'lng': 10.09205402010728}}}"
Luther- Park,Lutherpark,"Wittenbergstraße 18, 22761 Hamburg, Deutschland","{'location': {'lat': 53.5713679, 'lng': 9.907449399999999}, 'viewport': {'northeast': {'lat': 53.57224772989272, 'lng': 9.908836079892724}, 'southwest': {'lat': 53.56954807010727, 'lng': 9.90613642010728}}}"
Park Bahrenfelder See,Park Bahrenfelder See,"Theodorstraße 30, 22761 Hamburg, Deutschland","{'location': {'lat': 53.5668053, 'lng': 9.8987772}, 'viewport': {'northeast': {'lat': 53.56818322989272, 'lng': 9.899510379892725}, 'southwest': {'lat': 53.56548357010728, 'lng': 9.89681072010728}}}"
Bergedorfer Rathauspark,Bergedorfer Rathauspark,"Bergedorfer Rathauspark, 21029 Hamburg, Deutschland","{'location': {'lat': 53.48572979999999, 'lng': 10.2216651}, 'viewport': {'northeast': {'lat': 53.48738467989273, 'lng': 10.2279976}, 'southwest': {'lat': 53.48468502010729, 'lng': 10.2196911}}}"
Parkanlagen Rahweg,Parkanlage Rahweg,"Bayernweg 1, 22453 Hamburg, Deutschland","{'location': {'lat': 53.6370365, 'lng': 9.9819981}, 'viewport': {'northeast': {'lat': 53.63842142989272, 'lng': 9.983064029892722}, 'southwest': {'lat': 53.63572177010727, 'lng': 9.980364370107278}}}"
Zweites Wandsbeker Gehölz,Wandsbeker Gehölz,"Unnamed Road, 22043 Hamburg, Deutschland","{'location': {'lat': 53.5665139, 'lng': 10.0939957}, 'viewport': {'northeast': {'lat': 53.56796542989272, 'lng': 10.09475367989272}, 'southwest': {'lat': 53.56526577010727, 'lng': 10.09205402010728}}}"
Tegelsbarg,Tegelsbarg,"Tegelsbarg, 22399 Wandsbek, Deutschland","{'location': {'lat': 53.6564795, 'lng': 10.0608626}, 'viewport': {'northeast': {'lat': 53.65782932989272, 'lng': 10.06221242989272}, 'southwest': {'lat': 53.65512967010728, 'lng': 10.05951277010728}}}"
Eppendorfer Mühlenteich,Eppendorfer Mühlenteich,"Eppendorfer Mühlenteich, 20251 Hamburg, Deutschland","{'location': {'lat': 53.6005025, 'lng': 9.9870512}, 'viewport': {'northeast': {'lat': 53.60296349999999, 'lng': 9.9893792}, 'southwest': {'lat': 53.5964033, 'lng': 9.9841195}}}"
Park Wiebelstraße,Park Wiebelstraße,"Wiebelstraße 9, 22523 Hamburg, Deutschland","{'location': {'lat': 53.6038571, 'lng': 9.9065056}, 'viewport': {'northeast': {'lat': 53.60525567989271, 'lng': 9.90763912989272}, 'southwest': {'lat': 53.60255602010727, 'lng': 9.904939470107276}}}"
Jugendpark,Jugendpark Langenhorn,"Jugendparkweg 60, 22415 Hamburg, Deutschland","{'location': {'lat': 53.6455828, 'lng': 9.9908311}, 'viewport': {'northeast': {'lat': 53.64696672989271, 'lng': 9.992170229892722}, 'southwest': {'lat': 53.64426707010727, 'lng': 9.989470570107278}}}"
Grünes Zentrum,Grünes Zentrum Lohbrügge,"Schulenburgring 4A, 21031 Hamburg, Deutschland","{'location': {'lat': 53.50792, 'lng': 10.2052527}, 'viewport': {'northeast': {'lat': 53.50902957989273, 'lng': 10.2066028}, 'southwest': {'lat': 53.50632992010728, 'lng': 10.2012024}}}"
Grüne Mitte,BÜNDNIS 90/DIE GRÜNEN Kreisverband Hamburg-Mitte,"Burchardstraße 19, 20095 Hamburg, Deutschland","{'location': {'lat': 53.5491979, 'lng': 10.0003883}, 'viewport': {'northeast': {'lat': 53.55056832989272, 'lng': 10.00173997989272}, 'southwest': {'lat': 53.54786867010728, 'lng': 9.999040320107277}}}"
Horner Park,Horner Park,"Horner Landstraße 246a, 22111 Hamburg, Deutschland","{'location': {'lat': 53.5473274, 'lng': 10.0825467}, 'viewport': {'northeast': {'lat': 53.54903902989273, 'lng': 10.08433752989272}, 'southwest': {'lat': 53.54633937010728, 'lng': 10.08163787010728}}}"
Brinkmannscher Park,Brinkmannscher Park,"Brinkmannscher Park, 21079 Hamburg, Deutschland","{'location': {'lat': 53.4374879, 'lng': 10.0072436}, 'viewport': {'northeast': {'lat': 53.43895442989272, 'lng': 10.00829547989272}, 'southwest': {'lat': 53.43625477010728, 'lng': 10.00559582010728}}}"
Franz-Röttel-Park,Franz-Röttel-Park,"Tangstedter Landstraße 23, 22415 Hamburg, Deutschland","{'location': {'lat': 53.6470883, 'lng': 10.0135982}, 'viewport': {'northeast': {'lat': 53.64835117989272, 'lng': 10.01511167989272}, 'southwest': {'lat': 53.64565152010728, 'lng': 10.01241202010728}}}"
Grünes Zentrum Kirchdorf,Grünes Zentrum Kirchdorf,"Am Callabrack 1B, 21109 Hamburg, Deutschland","{'location': {'lat': 53.4828676, 'lng': 10.0091738}, 'viewport': {'northeast': {'lat': 53.48403737989273, 'lng': 10.01045127989272}, 'southwest': {'lat': 53.48133772010728, 'lng': 10.00775162010728}}}"
Ohlmoor,Ohmoor,"Ohmoor, 22455 Eimsbüttel, Deutschland","{'location': {'lat': 53.63806289999999, 'lng': 9.9647876}, 'viewport': {'northeast': {'lat': 53.6394127298927, 'lng': 9.96613742989272}, 'southwest': {'lat': 53.63671307010726, 'lng': 9.963437770107276}}}"
Drachental,Drachenthal Spielplatz,"Stubbenhof 15, 21147 Hamburg, Deutschland","{'location': {'lat': 53.4787856, 'lng': 9.8766121}, 'viewport': {'northeast': {'lat': 53.48032452989272, 'lng': 9.87854167989272}, 'southwest': {'lat': 53.47762487010728, 'lng': 9.875842020107276}}}"
Goldschmidtpark,Goldschmidtpark/Bonnepark/Silcherpark,"Bahrenfelder Chaussee 115, 22761 Hamburg, Deutschland","{'location': {'lat': 53.5681291, 'lng': 9.9021903}, 'viewport': {'northeast': {'lat': 53.56983857989272, 'lng': 9.903867729892722}, 'southwest': {'lat': 53.56713892010728, 'lng': 9.901168070107278}}}"
Dorothea-Buck-Park,Dorothea-Buck-Park,"Jungborn 4, 22459 Hamburg, Deutschland","{'location': {'lat': 53.631103, 'lng': 9.9226847}, 'viewport': {'northeast': {'lat': 53.63247707989272, 'lng': 9.923859079892722}, 'southwest': {'lat': 53.62977742010727, 'lng': 9.921159420107278}}}"
Pastorenstieg,Pastorenstieg,"Pastorenstieg, 22359 Wandsbek, Deutschland","{'location': {'lat': 53.6494438, 'lng': 10.1706174}, 'viewport': {'northeast': {'lat': 53.65079362989272, 'lng': 10.17196722989272}, 'southwest': {'lat': 53.64809397010728, 'lng': 10.16926757010728}}}"
Goßlers Park,Goßlers Park,"Goßlers Park 1, 22587 Hamburg, Deutschland","{'location': {'lat': 53.5648913, 'lng': 9.8078224}, 'viewport': {'northeast': {'lat': 53.56646947989273, 'lng': 9.809726229892721}, 'southwest': {'lat': 53.56376982010728, 'lng': 9.807026570107277}}}"
Friedrichsberger Park,Friedrichsberger Park,"22081 Hamburg, Deutschland","{'location': {'lat': 53.5741519, 'lng': 10.0513493}, 'viewport': {'northeast': {'lat': 53.57528392989272, 'lng': 10.0522573}, 'southwest': {'lat': 53.57258427010728, 'lng': 10.0488497}}}"
Meyers Park,Ponyhof Meyers Park,"Stader Str. 203B, 21075 Hamburg, Deutschland","{'location': {'lat': 53.4671573, 'lng': 9.9374097}, 'viewport': {'northeast': {'lat': 53.46872727989273, 'lng': 9.938970379892723}, 'southwest': {'lat': 53.46602762010728, 'lng': 9.936270720107279}}}"
Bertha-von-Suttner-Park,Bertha-von-Suttner-Park,"Suttnerstraße, 22765 Hamburg, Deutschland","{'location': {'lat': 53.5600148, 'lng': 9.9509522}, 'viewport': {'northeast': {'lat': 53.56142227989272, 'lng': 9.952419029892722}, 'southwest': {'lat': 53.55872262010728, 'lng': 9.949719370107278}}}"
Ohlendorff'scher Park,Ohlendorffs Park,"22359 Hamburg, Deutschland","{'location': {'lat': 53.6476587, 'lng': 10.1662813}, 'viewport': {'northeast': {'lat': 53.64890407989272, 'lng': 10.16813677989272}, 'southwest': {'lat': 53.64620442010727, 'lng': 10.16543712010728}}}"
Schleidenpark,Kiosk am Schleidenpark,"Schleidenstraße 6, 22083 Hamburg, Deutschland","{'location': {'lat': 53.5831175, 'lng': 10.0338656}, 'viewport': {'northeast': {'lat': 53.58448797989272, 'lng': 10.03506482989272}, 'southwest': {'lat': 53.58178832010728, 'lng': 10.03236517010728}}}"
Grünzug Eimsbüttel,Isebek-Grünzug,"Henriettenstraße 69, 20259 Hamburg, Deutschland","{'location': {'lat': 53.5748786, 'lng': 9.9523726}, 'viewport': {'northeast': {'lat': 53.57627007989272, 'lng': 9.953868429892724}, 'southwest': {'lat': 53.57357042010728, 'lng': 9.95116877010728}}}"
Christa-Siems-Park,Christa-Siems-Park,"20146 Hamburg, Deutschland","{'location': {'lat': 53.5730437, 'lng': 9.9799394}, 'viewport': {'northeast': {'lat': 53.57441232989272, 'lng': 9.981511779892722}, 'southwest': {'lat': 53.57171267010727, 'lng': 9.978812120107278}}}"
Paul-Abraham-Park,Johannes-Prassek-Park,"22083 Hamburg, Deutschland","{'location': {'lat': 53.5823567, 'lng': 10.0259126}, 'viewport': {'northeast': {'lat': 53.58336657989272, 'lng': 10.02756417989272}, 'southwest': {'lat': 53.58066692010728, 'lng': 10.02486452010728}}}"
Alstervorland,Alstervorland parkrun,"20148 Hamburg, Deutschland","{'location': {'lat': 53.5736504, 'lng': 10.0022931}, 'viewport': {'northeast': {'lat': 53.57494167989272, 'lng': 10.00316322989272}, 'southwest': {'lat': 53.57224202010728, 'lng': 10.00046357010728}}}"
Platz der jüdischen Deportierten,Platz der Jüdischen Deportierten,"Edmund-Siemers-Allee, 20146 Hamburg, Deutschland","{'location': {'lat': 53.56361889999999, 'lng': 9.9866212}, 'viewport': {'northeast': {'lat': 53.56486337989272, 'lng': 9.987771129892721}, 'southwest': {'lat': 53.56216372010728, 'lng': 9.985071470107277}}}"
Kleine Moorweide,Hundewiese Kleine Moorweide,"20354 Hamburg, Deutschland","{'location': {'lat': 53.561541, 'lng': 9.9927885}, 'viewport': {'northeast': {'lat': 53.56296522989272, 'lng': 9.993999279892721}, 'southwest': {'lat': 53.56026557010728, 'lng': 9.991299620107277}}}"
Licentiatenberg,Am Licentiatenberg,"Am Licentiatenberg, 22453 Hamburg-Nord, Deutschland","{'location': {'lat': 53.6141097, 'lng': 9.9828266}, 'viewport': {'northeast': {'lat': 53.61545952989272, 'lng': 9.984176429892724}, 'southwest': {'lat': 53.61275987010728, 'lng': 9.98147677010728}}}"
Heilwigpark,Heilwigpark,"Heilwigpark, Hamburg, Deutschland","{'location': {'lat': 53.5839924, 'lng': 9.9944149}, 'viewport': {'northeast': {'lat': 53.58528717989272, 'lng': 9.995830679892721}, 'southwest': {'lat': 53.58258752010728, 'lng': 9.993131020107278}}}"
Wassermannpark,Wassermannpark,"Rönnkamp 26, 22457 Hamburg, Deutschland","{'location': {'lat': 53.646104, 'lng': 9.9165596}, 'viewport': {'northeast': {'lat': 53.64765282989273, 'lng': 9.917765179892722}, 'southwest': {'lat': 53.64495317010728, 'lng': 9.915065520107278}}}"
Stintfang,DJH Jugendherberge Hamburg „Auf dem Stintfang“,"Alfred-Wegener-Weg 5, 20459 Hamburg, Deutschland","{'location': {'lat': 53.54654300000001, 'lng': 9.97176}, 'viewport': {'northeast': {'lat': 53.54803492989272, 'lng': 9.973175329892722}, 'southwest': {'lat': 53.54533527010728, 'lng': 9.970475670107279}}}"
Meenkwiese,Meenkwiese,"Meenkwiese, Hamburg-Nord, Deutschland","{'location': {'lat': 53.5989799, 'lng': 9.992081899999999}, 'viewport': {'northeast': {'lat': 53.60032972989271, 'lng': 9.993431729892722}, 'southwest': {'lat': 53.59763007010727, 'lng': 9.990732070107276}}}"
Born Park,Bornpark,"Bornpark, 22549 Hamburg, Deutschland","{'location': {'lat': 53.5936122, 'lng': 9.844497299999999}, 'viewport': {'northeast': {'lat': 53.59504459999999, 'lng': 9.852552099999999}, 'southwest': {'lat': 53.5915131, 'lng': 9.839404499999999}}}"
Am Weiher,Am Weiher,"Am Weiher, 20255 Eimsbüttel, Deutschland","{'location': {'lat': 53.5774013, 'lng': 9.9587848}, 'viewport': {'northeast': {'lat': 53.57875112989272, 'lng': 9.960134629892721}, 'southwest': {'lat': 53.57605147010727, 'lng': 9.957434970107277}}}"
Else-Rauch-Platz,Else-Rauch-Platz,"Else-Rauch-Platz, Eimsbüttel, Deutschland","{'location': {'lat': 53.5811298, 'lng': 9.947134}, 'viewport': {'northeast': {'lat': 53.58243327989272, 'lng': 9.947950929892723}, 'southwest': {'lat': 53.57973362010728, 'lng': 9.945251270107278}}}"
Hamburger Stadtpark,Stadtpark,"Hamburg, Deutschland","{'location': {'lat': 53.5969843, 'lng': 10.0206957}, 'viewport': {'northeast': {'lat': 53.60488360000001, 'lng': 10.04571765}, 'southwest': {'lat': 53.58650799999999, 'lng': 9.988801450000002}}}"
Carl-Legien-Platz,Carl-Legien-Platz,"Carl-Legien-Platz, Brockesstraße 1, 20097 Hamburg, Deutschland","{'location': {'lat': 53.5513978, 'lng': 10.0112772}, 'viewport': {'northeast': {'lat': 53.55302707989272, 'lng': 10.0132689}, 'southwest': {'lat': 53.55032742010728, 'lng': 10.0098483}}}"
Lohmühlenpark,Lohmühlenpark,"Berliner Tor 33, 20099 Hamburg, Deutschland","{'location': {'lat': 53.5558746, 'lng': 10.0217276}, 'viewport': {'northeast': {'lat': 53.55728267989272, 'lng': 10.02321507989272}, 'southwest': {'lat': 53.55458302010727, 'lng': 10.02051542010728}}}"
Lohmühlenpark,Lohmühlenpark,"Berliner Tor 33, 20099 Hamburg, Deutschland","{'location': {'lat': 53.5558746, 'lng': 10.0217276}, 'viewport': {'northeast': {'lat': 53.55728267989272, 'lng': 10.02321507989272}, 'southwest': {'lat': 53.55458302010727, 'lng': 10.02051542010728}}}"
August-Bebel-Park,August-Bebel-Park,"August-Bebel-Park, 20097 Hamburg, Deutschland","{'location': {'lat': 53.5506082, 'lng': 10.010514}, 'viewport': {'northeast': {'lat': 53.55193927989271, 'lng': 10.01187172989272}, 'southwest': {'lat': 53.54923962010727, 'lng': 10.00917207010728}}}"
Erstes Wandsbeker Gehölz,Wandsbeker Gehölz,"Unnamed Road, 22043 Hamburg, Deutschland","{'location': {'lat': 53.5665139, 'lng': 10.0939957}, 'viewport': {'northeast': {'lat': 53.56796542989272, 'lng': 10.09475367989272}, 'southwest': {'lat': 53.56526577010727, 'lng': 10.09205402010728}}}"
Grünzug Dulsberg,Spielplatz im Grünzug Dulsberg-West,"Dulsberg-Nord 13, 22049 Hamburg, Deutschland","{'location': {'lat': 53.5830764, 'lng': 10.0607585}, 'viewport': {'northeast': {'lat': 53.58439277989272, 'lng': 10.06213882989272}, 'southwest': {'lat': 53.58169312010728, 'lng': 10.05943917010728}}}"
Lohmühlenpark,Lohmühlenpark,"Berliner Tor 33, 20099 Hamburg, Deutschland","{'location': {'lat': 53.5558746, 'lng': 10.0217276}, 'viewport': {'northeast': {'lat': 53.55728267989272, 'lng': 10.02321507989272}, 'southwest': {'lat': 53.55458302010727, 'lng': 10.02051542010728}}}"
Spielplatz Silbersackstraße,Spielplatz Silbersackstraße,"Silbersackstraße 12, 20359 Hamburg, Deutschland","{'location': {'lat': 53.5487249, 'lng': 9.9587873}, 'viewport': {'northeast': {'lat': 53.55000622989272, 'lng': 9.960449629892723}, 'southwest': {'lat': 53.54730657010727, 'lng': 9.95774997010728}}}"
von Dratelnscher Park,Von-Dratelnscher Park,"Von-Dratelnscher Park, 22111 Hamburg, Deutschland","{'location': {'lat': 53.5513882, 'lng': 10.0809889}, 'viewport': {'northeast': {'lat': 53.55268157989271, 'lng': 10.08217047989272}, 'southwest': {'lat': 53.54998192010727, 'lng': 10.07947082010728}}}"
Harkenseepark,Harkenseepark,"Harkenseepark, Holstentwiete 52, 22763 Hamburg, Deutschland","{'location': {'lat': 53.5526417, 'lng': 9.9202008}, 'viewport': {'northeast': {'lat': 53.55401622989272, 'lng': 9.921773879892722}, 'southwest': {'lat': 53.55131657010728, 'lng': 9.919074220107278}}}"
Kemal-Altun-Platz,Spielplatz Kemal Altun,"Ottenser Hauptstraße 54, 22765 Hamburg, Deutschland","{'location': {'lat': 53.55249939999999, 'lng': 9.925675499999999}, 'viewport': {'northeast': {'lat': 53.55406437989272, 'lng': 9.927135979892723}, 'southwest': {'lat': 53.55136472010728, 'lng': 9.92443632010728}}}"
Park Lehmweg,Eppendorfer Park,"20251 Hamburg, Deutschland","{'location': {'lat': 53.5893598, 'lng': 9.9794767}, 'viewport': {'northeast': {'lat': 53.59043667989272, 'lng': 9.98121007989272}, 'southwest': {'lat': 53.58773702010728, 'lng': 9.978510420107277}}}"
Isebekpark,Isebekpark,"20253 Hamburg, Deutschland","{'location': {'lat': 53.57509899999999, 'lng': 9.9687413}, 'viewport': {'northeast': {'lat': 53.57656202989272, 'lng': 9.970597479892723}, 'southwest': {'lat': 53.57386237010727, 'lng': 9.967897820107279}}}"
Grünzug Eimsbüttel,Isebek-Grünzug,"Henriettenstraße 69, 20259 Hamburg, Deutschland","{'location': {'lat': 53.5748786, 'lng': 9.9523726}, 'viewport': {'northeast': {'lat': 53.57627007989272, 'lng': 9.953868429892724}, 'southwest': {'lat': 53.57357042010728, 'lng': 9.95116877010728}}}"
Bei der Lutherbuche,b. d. Lutherbuche,"b. d. Lutherbuche, 22529 Eimsbüttel, Deutschland","{'location': {'lat': 53.5977972, 'lng': 9.9624483}, 'viewport': {'northeast': {'lat': 53.59914702989271, 'lng': 9.963798129892721}, 'southwest': {'lat': 53.59644737010727, 'lng': 9.961098470107277}}}"
Cranachplatz,Cranach-Platz,"Cranach-Platz, 22607 Altona, Deutschland","{'location': {'lat': 53.5628299, 'lng': 9.8881414}, 'viewport': {'northeast': {'lat': 53.56411572989272, 'lng': 9.889083579892722}, 'southwest': {'lat': 53.56141607010728, 'lng': 9.886383920107278}}}"
Rosengarten für die Kinder vom Bullenhuser Damm,Gedenkstätte Kinder vom Bullenhuser Damm,"Bullenhuser Damm 92, 20539 Hamburg, Deutschland","{'location': {'lat': 53.5420883, 'lng': 10.0477366}, 'viewport': {'northeast': {'lat': 53.54347902989272, 'lng': 10.04910157989272}, 'southwest': {'lat': 53.54077937010728, 'lng': 10.04640192010728}}}"
Elisabethgehölz,Am Elisabethgehölz,"Am Elisabethgehölz, 20535 Hamburg, Deutschland","{'location': {'lat': 53.5573682, 'lng': 10.0638458}, 'viewport': {'northeast': {'lat': 53.55871802989271, 'lng': 10.06519562989272}, 'southwest': {'lat': 53.55601837010727, 'lng': 10.06249597010728}}}"
Goetheallee,Goetheallee,"Goetheallee, 22765 Altona, Deutschland","{'location': {'lat': 53.55502869999999, 'lng': 9.9381212}, 'viewport': {'northeast': {'lat': 53.55637852989272, 'lng': 9.93947102989272}, 'southwest': {'lat': 53.55367887010728, 'lng': 9.936771370107277}}}"
Walter-Möller-Park,Walter-Möller Park,"Walter-Möller Park, 22767 Hamburg, Deutschland","{'location': {'lat': 53.552468, 'lng': 9.952871}, 'viewport': {'northeast': {'lat': 53.5570952, 'lng': 9.954455699999999}, 'southwest': {'lat': 53.5463916, 'lng': 9.9491535}}}"
Langenbeker Feld,Hügelgrab Langenbek,"21079 Hamburg, Deutschland","{'location': {'lat': 53.4319571, 'lng': 9.9888716}, 'viewport': {'northeast': {'lat': 53.43353047989272, 'lng': 9.98991007989272}, 'southwest': {'lat': 53.43083082010727, 'lng': 9.987210420107276}}}"
Grünzug Hammer Landstraße,Grünzug Lokstedt,"Emil-Andresen-Straße, 22529 Hamburg, Deutschland","{'location': {'lat': 53.5914014, 'lng': 9.949627}, 'viewport': {'northeast': {'lat': 53.59275597989271, 'lng': 9.95097007989272}, 'southwest': {'lat': 53.59005632010727, 'lng': 9.948270420107276}}}"
Grünzug Hammer Landstraße,Grünzug Lokstedt,"Emil-Andresen-Straße, 22529 Hamburg, Deutschland","{'location': {'lat': 53.5914014, 'lng': 9.949627}, 'viewport': {'northeast': {'lat': 53.59275597989271, 'lng': 9.95097007989272}, 'southwest': {'lat': 53.59005632010727, 'lng': 9.948270420107276}}}"
Florapark,Flora-Park,"Juliusstraße 22, 22769 Hamburg, Deutschland","{'location': {'lat': 53.5619501, 'lng': 9.960636}, 'viewport': {'northeast': {'lat': 53.56304402989272, 'lng': 9.962246279892723}, 'southwest': {'lat': 53.56034437010727, 'lng': 9.959546620107279}}}"
Johannes-Prassek-Park,Johannes-Prassek-Park,"Johannes-Prassek-Park, Osterbekstraße, 22083 Hamburg, Deutschland","{'location': {'lat': 53.582277, 'lng': 10.0257378}, 'viewport': {'northeast': {'lat': 53.58394, 'lng': 10.0280124}, 'southwest': {'lat': 53.580617, 'lng': 10.0241294}}}"
Annemarie-Dose-Park,,,
Alsterwiese Schwanenwik,Alsterwiese Schwanenwik,"Schwanenwik 20, 22087 Hamburg, Deutschland","{'location': {'lat': 53.56439469999999, 'lng': 10.0161168}, 'viewport': {'northeast': {'lat': 53.56570247989272, 'lng': 10.01783297989272}, 'southwest': {'lat': 53.56300282010728, 'lng': 10.01513332010728}}}"
Mansteinpark,Mansteinpark,"Mansteinpark, 20253 Hamburg, Deutschland","{'location': {'lat': 53.5783837, 'lng': 9.974773599999999}, 'viewport': {'northeast': {'lat': 53.57880427989272, 'lng': 9.975418999999999}, 'southwest': {'lat': 53.57610462010728, 'lng': 9.970169499999999}}}"
Hammaburg-Platz,Hammaburg-Platz,"20095 Hamburg, Deutschland","{'location': {'lat': 53.54928289999999, 'lng': 9.997486}, 'viewport': {'northeast': {'lat': 53.55074112989272, 'lng': 9.998527479892722}, 'southwest': {'lat': 53.54804147010728, 'lng': 9.995827820107278}}}"
Arrivati-Park,Arrivatipark,"20359 Hamburg, Deutschland","{'location': {'lat': 53.556957, 'lng': 9.9636853}, 'viewport': {'northeast': {'lat': 53.55835347989272, 'lng': 9.96517457989272}, 'southwest': {'lat': 53.55565382010728, 'lng': 9.962474920107276}}}"
Alter Recyclinghof,Alter Recyclinghof / Alster-Bille-Elbe PARKS,"Bullerdeich 6, 20537 Hamburg, Deutschland","{'location': {'lat': 53.5433186, 'lng': 10.0344809}, 'viewport': {'northeast': {'lat': 53.54465782989272, 'lng': 10.03577737989272}, 'southwest': {'lat': 53.54195817010728, 'lng': 10.03307772010728}}}"
Grüne Fuge,Grüne Fuge,"Merkurring 110, 22143 Hamburg, Deutschland","{'location': {'lat': 53.6079629, 'lng': 10.192358}, 'viewport': {'northeast': {'lat': 53.60922752989272, 'lng': 10.19362907989272}, 'southwest': {'lat': 53.60652787010728, 'lng': 10.19092942010728}}}"
Heinz-Erhardt-Park,Heinz-Erhardt-Park,"22391 Hamburg, Deutschland","{'location': {'lat': 53.641643, 'lng': 10.0936597}, 'viewport': {'northeast': {'lat': 53.64350452989272, 'lng': 10.09521597989272}, 'southwest': {'lat': 53.64080487010728, 'lng': 10.09251632010728}}}"
Henry-Vahl-Park,Henry-Vahl-Park,"Henry-Vahl-Park, 20255 Hamburg, Deutschland","{'location': {'lat': 53.5765933, 'lng': 9.9533656}, 'viewport': {'northeast': {'lat': 53.57780902989273, 'lng': 9.955155979892721}, 'southwest': {'lat': 53.57510937010728, 'lng': 9.952456320107277}}}"
Licentiatenberg,Am Licentiatenberg,"Am Licentiatenberg, 22453 Hamburg-Nord, Deutschland","{'location': {'lat': 53.6141097, 'lng': 9.9828266}, 'viewport': {'northeast': {'lat': 53.61545952989272, 'lng': 9.984176429892724}, 'southwest': {'lat': 53.61275987010728, 'lng': 9.98147677010728}}}"
Hochholtswisch,,,
Winterhuder Kai,Winterhuder Kai,"Winterhuder Kai, 22299 Hamburg-Nord, Deutschland","{'location': {'lat': 53.5949462, 'lng': 9.9926728}, 'viewport': {'northeast': {'lat': 53.59629602989272, 'lng': 9.994022629892724}, 'southwest': {'lat': 53.59359637010728, 'lng': 9.99132297010728}}}"
Eva-Hesse-Park,Hessepark,"22587 Hamburg, Deutschland","{'location': {'lat': 53.5611295, 'lng': 9.8075381}, 'viewport': {'northeast': {'lat': 53.56257987989272, 'lng': 9.80843822989272}, 'southwest': {'lat': 53.55988022010727, 'lng': 9.805738570107277}}}"
Grünzug Roggenbuckstieg,Grünzug Lokstedt,"Rimbertweg 17F, 22529 Hamburg, Deutschland","{'location': {'lat': 53.5896295, 'lng': 9.9545776}, 'viewport': {'northeast': {'lat': 53.59146397989272, 'lng': 9.956097079892722}, 'southwest': {'lat': 53.58876432010728, 'lng': 9.953397420107276}}}"
Am Bollweg e.V. Hamburg Eidelstedt,Kleingartenverein Am Bollweg 353 e.V.,"Bollweg 26, 22525 Hamburg, Deutschland","{'location': {'lat': 53.5988416, 'lng': 9.907885400000001}, 'viewport': {'northeast': {'lat': 53.60019917989273, 'lng': 9.910272050000003}, 'southwest': {'lat': 53.59749952010728, 'lng': 9.907078649999997}}}"
Grünzug Bei der Apostelkirche,Isebek-Grünzug,"Henriettenstraße 69, 20259 Hamburg, Deutschland","{'location': {'lat': 53.5748786, 'lng': 9.9523726}, 'viewport': {'northeast': {'lat': 53.57627007989272, 'lng': 9.953868429892724}, 'southwest': {'lat': 53.57357042010728, 'lng': 9.95116877010728}}}"
Eilbeker Bürgerpark,Eilbeker Bürgerpark,"Eilbeker Bürgerpark, 22089 Hamburg, Deutschland","{'location': {'lat': 53.56618049999999, 'lng': 10.0435223}, 'viewport': {'northeast': {'lat': 53.56761092989272, 'lng': 10.04515747989272}, 'southwest': {'lat': 53.56491127010727, 'lng': 10.04245782010728}}}"
Ernst-Cassirer-Park,Ernst-Cassirer-Park,"20146 Hamburg, Deutschland","{'location': {'lat': 53.56351859999999, 'lng': 9.988864399999999}, 'viewport': {'northeast': {'lat': 53.56497002989272, 'lng': 9.990214429892722}, 'southwest': {'lat': 53.56227037010728, 'lng': 9.987514770107277}}}"
Stadtpark Eimsbüttel,Stadtpark Eimsbüttel,"Hagenbeckstraße 39, 22527 Hamburg, Deutschland","{'location': {'lat': 53.5866751, 'lng': 9.9433118}, 'viewport': {'northeast': {'lat': 53.58802467989272, 'lng': 9.944706629892721}, 'southwest': {'lat': 53.58532502010728, 'lng': 9.942006970107277}}}"
Lüttkampanger,Lütt & Lecker,"Große Elbstraße 12, 22767 Hamburg, Deutschland","{'location': {'lat': 53.5452459, 'lng': 9.9517093}, 'viewport': {'northeast': {'lat': 53.54654417989272, 'lng': 9.952972629892722}, 'southwest': {'lat': 53.54384452010728, 'lng': 9.950272970107278}}}"
Park an der russischen Kirche,Johannes-Prassek-Park,"22083 Hamburg, Deutschland","{'location': {'lat': 53.5823567, 'lng': 10.0259126}, 'viewport': {'northeast': {'lat': 53.58336657989272, 'lng': 10.02756417989272}, 'southwest': {'lat': 53.58066692010728, 'lng': 10.02486452010728}}}"
Heine-Park,Heine-Park,"Große Elbstraße 273, 22767 Hamburg, Deutschland","{'location': {'lat': 53.54543469999999, 'lng': 9.928792}, 'viewport': {'northeast': {'lat': 53.54688752989271, 'lng': 9.93085195}, 'southwest': {'lat': 53.54418787010727, 'lng': 9.928105350000001}}}"
Alsterufer - Warburgstraße,Warburgstraße & Alsterufer,"Warburgstraße & Alsterufer, 20354 Eimsbüttel, Deutschland","{'location': {'lat': 53.5588023, 'lng': 9.9941254}, 'viewport': {'northeast': {'lat': 53.56015212989273, 'lng': 9.995475229892724}, 'southwest': {'lat': 53.55745247010728, 'lng': 9.99277557010728}}}"
Katthorstpark,Katthorstpark,"Katthorstpark, 22359 Hamburg, Deutschland","{'location': {'lat': 53.6545516, 'lng': 10.1621357}, 'viewport': {'northeast': {'lat': 53.6564667, 'lng': 10.1638563}, 'southwest': {'lat': 53.6516912, 'lng': 10.1604902}}}"
Beselerplatz,Beselerpl.,"Beselerpl., 22607 Altona, Deutschland","{'location': {'lat': 53.56055019999999, 'lng': 9.8880056}, 'viewport': {'northeast': {'lat': 53.56190002989273, 'lng': 9.88935542989272}, 'southwest': {'lat': 53.55920037010728, 'lng': 9.886655770107277}}}"
Venusberg,Venusberg,"Venusberg, 20459 Hamburg, Deutschland","{'location': {'lat': 53.54697420000001, 'lng': 9.975159}, 'viewport': {'northeast': {'lat': 53.54832402989273, 'lng': 9.97650882989272}, 'southwest': {'lat': 53.54562437010729, 'lng': 9.973809170107277}}}"
Sola-Bona-Park,Sola-Bona-Park,"Sola-Bona-Park, Hamburg, Deutschland","{'location': {'lat': 53.6023228, 'lng': 9.9143501}, 'viewport': {'northeast': {'lat': 53.60354037989272, 'lng': 9.916249299999999}, 'southwest': {'lat': 53.60084072010728, 'lng': 9.9125073}}}"
Ohl-Dörp-Ring,Ohl- Dörp- Ring,"22459 Hamburg, Deutschland","{'location': {'lat': 53.6247558, 'lng': 9.954506799999999}, 'viewport': {'northeast': {'lat': 53.62606897989272, 'lng': 9.95566587989272}, 'southwest': {'lat': 53.62336932010727, 'lng': 9.952966220107276}}}"
Ohl-Dörp-Ring,Ohl- Dörp- Ring,"22459 Hamburg, Deutschland","{'location': {'lat': 53.6247558, 'lng': 9.954506799999999}, 'viewport': {'northeast': {'lat': 53.62606897989272, 'lng': 9.95566587989272}, 'southwest': {'lat': 53.62336932010727, 'lng': 9.952966220107276}}}"
Kirchpark,Alsterpark,"20148 Hamburg, Deutschland","{'location': {'lat': 53.57208199999999, 'lng': 10.0012476}, 'viewport': {'northeast': {'lat': 53.57403265, 'lng': 10.00199047989272}, 'southwest': {'lat': 53.57131445, 'lng': 9.999290820107278}}}"
Wilhelm-Bürsing-Park,"Parkanlage Umgehung Fuhlsbüttel, Abschnitt Wilhelm-Raabe-Weg - Zeppelinstraße","Zeppelinstraße, 22335 Hamburg, Deutschland","{'location': {'lat': 53.6274282, 'lng': 10.0101727}, 'viewport': {'northeast': {'lat': 53.62851032989272, 'lng': 10.01138342989272}, 'southwest': {'lat': 53.62581067010728, 'lng': 10.00868377010728}}}"
Ohl-Dörp-Ring,Ohl- Dörp- Ring,"22459 Hamburg, Deutschland","{'location': {'lat': 53.6247558, 'lng': 9.954506799999999}, 'viewport': {'northeast': {'lat': 53.62606897989272, 'lng': 9.95566587989272}, 'southwest': {'lat': 53.62336932010727, 'lng': 9.952966220107276}}}"
Düp-Ring,John Chretien-Wanderweg Düp Ring,"Paul-Sorge-Straße 62E, 22459 Hamburg, Deutschland","{'location': {'lat': 53.62795089999999, 'lng': 9.9522769}, 'viewport': {'northeast': {'lat': 53.62924667989272, 'lng': 9.953363829892723}, 'southwest': {'lat': 53.62654702010727, 'lng': 9.950664170107279}}}"
Ohl-Dörp-Ring,Ohl- Dörp- Ring,"22459 Hamburg, Deutschland","{'location': {'lat': 53.6247558, 'lng': 9.954506799999999}, 'viewport': {'northeast': {'lat': 53.62606897989272, 'lng': 9.95566587989272}, 'southwest': {'lat': 53.62336932010727, 'lng': 9.952966220107276}}}"
Düp-Ring,John Chretien-Wanderweg Düp Ring,"Paul-Sorge-Straße 62E, 22459 Hamburg, Deutschland","{'location': {'lat': 53.62795089999999, 'lng': 9.9522769}, 'viewport': {'northeast': {'lat': 53.62924667989272, 'lng': 9.953363829892723}, 'southwest': {'lat': 53.62654702010727, 'lng': 9.950664170107279}}}"
Zeppelin-Park,Zeppelinpark,"22459, Kollauwanderweg, 22459 Hamburg, Deutschland","{'location': {'lat': 53.6273065, 'lng': 9.9361939}, 'viewport': {'northeast': {'lat': 53.62850682989272, 'lng': 9.93727387989272}, 'southwest': {'lat': 53.62580717010727, 'lng': 9.934574220107276}}}"
Hanni-Schult-Park,Hanni-Schult-Park,"22147 Hamburg, Deutschland","{'location': {'lat': 53.61200359999999, 'lng': 10.1255402}, 'viewport': {'northeast': {'lat': 53.61312547989272, 'lng': 10.12711072989272}, 'southwest': {'lat': 53.61042582010728, 'lng': 10.12441107010728}}}"
Meerweinpark,Park an der Meenkwiese,"Meenkwiese, 20251 Hamburg, Deutschland","{'location': {'lat': 53.5978131, 'lng': 9.990538599999999}, 'viewport': {'northeast': {'lat': 53.59933457989272, 'lng': 9.991740379892724}, 'southwest': {'lat': 53.59663492010727, 'lng': 9.98904072010728}}}"
Pehmöllers Garten,Pehmöllers Garten,"22453 Hamburg, Deutschland","{'location': {'lat': 53.6122084, 'lng': 9.9711842}, 'viewport': {'northeast': {'lat': 53.61318847989272, 'lng': 9.972119779892722}, 'southwest': {'lat': 53.61048882010728, 'lng': 9.969420120107278}}}"
Grünanlage Warnckesweg,Warnckesweg 25 A Gross Borstel Lehrersiedlung,"Stavenhagenstraße 52, 22453 Hamburg, Deutschland","{'location': {'lat': 53.6094336, 'lng': 9.968480699999999}, 'viewport': {'northeast': {'lat': 53.61078682989272, 'lng': 9.969986679892722}, 'southwest': {'lat': 53.60808717010727, 'lng': 9.967287020107278}}}"
Bewegungsräume Lenzsiedlung,Lenzsiedlung,"Julius-Vosseler-Straße 193, 22527 Hamburg, Deutschland","{'location': {'lat': 53.5846165, 'lng': 9.950492299999999}, 'viewport': {'northeast': {'lat': 53.58596642989272, 'lng': 9.951751529892721}, 'southwest': {'lat': 53.58326677010728, 'lng': 9.949051870107278}}}"
St. Georg Zentral-Park,CENTRAL,"Lange Reihe 50, 20099 Hamburg, Deutschland","{'location': {'lat': 53.5570509, 'lng': 10.0109409}, 'viewport': {'northeast': {'lat': 53.55842712989272, 'lng': 10.01223137989272}, 'southwest': {'lat': 53.55572747010728, 'lng': 10.00953172010728}}}"
Herrengarten,Herrengarten Park,"23617 Stockelsdorf, Deutschland","{'location': {'lat': 53.896931, 'lng': 10.6424139}, 'viewport': {'northeast': {'lat': 53.89875052989272, 'lng': 10.64425002989272}, 'southwest': {'lat': 53.89605087010728, 'lng': 10.64155037010728}}}"
Grünzug Borgfelder Straße,Grünzug Lokstedt,"Emil-Andresen-Straße, 22529 Hamburg, Deutschland","{'location': {'lat': 53.5914014, 'lng': 9.949627}, 'viewport': {'northeast': {'lat': 53.59275597989271, 'lng': 9.95097007989272}, 'southwest': {'lat': 53.59005632010727, 'lng': 9.948270420107276}}}"
Grünanlage Grelckstraße,Grünanlage Grelckstraße,"Grelckstraße 21A, 22529 Hamburg, Deutschland","{'location': {'lat': 53.60114859999999, 'lng': 9.9548615}, 'viewport': {'northeast': {'lat': 53.60258277989273, 'lng': 9.956270329892721}, 'southwest': {'lat': 53.59988312010728, 'lng': 9.953570670107277}}}"
Park am Berliner Tor,Park Hotel am Berliner Tor,"Borgfelder Str. 1-9, 20537 Hamburg, Deutschland","{'location': {'lat': 53.5536883, 'lng': 10.0277495}, 'viewport': {'northeast': {'lat': 53.55506417989272, 'lng': 10.02923132989272}, 'southwest': {'lat': 53.55236452010728, 'lng': 10.02653167010728}}}"
Stoltenpark,Stoltenpark,"Eiffestraße 10, 20537 Hamburg, Deutschland","{'location': {'lat': 53.55101639999999, 'lng': 10.0289404}, 'viewport': {'northeast': {'lat': 53.55297917989272, 'lng': 10.03044987989272}, 'southwest': {'lat': 53.55027952010727, 'lng': 10.02775022010728}}}"
Stoltenpark,Stoltenpark,"Eiffestraße 10, 20537 Hamburg, Deutschland","{'location': {'lat': 53.55101639999999, 'lng': 10.0289404}, 'viewport': {'northeast': {'lat': 53.55297917989272, 'lng': 10.03044987989272}, 'southwest': {'lat': 53.55027952010727, 'lng': 10.02775022010728}}}"
Park Bei der Apostelkirche,Eimsbütteler Park,"Ottersbekallee, 20255 Hamburg, Deutschland","{'location': {'lat': 53.5788928, 'lng': 9.9581611}, 'viewport': {'northeast': {'lat': 53.58026137989273, 'lng': 9.959478279892721}, 'southwest': {'lat': 53.57756172010728, 'lng': 9.956778620107277}}}"
Grünzug Lokstedt,Grünzug Lokstedt,"Emil-Andresen-Straße, 22529 Hamburg, Deutschland","{'location': {'lat': 53.5914014, 'lng': 9.949627}, 'viewport': {'northeast': {'lat': 53.59275597989271, 'lng': 9.95097007989272}, 'southwest': {'lat': 53.59005632010727, 'lng': 9.948270420107276}}}"
Ostsee-Quarree,QUARREE Wandsbek,"Quarree 8-10, 22041 Hamburg, Deutschland","{'location': {'lat': 53.5729171, 'lng': 10.0665451}, 'viewport': {'northeast': {'lat': 53.57461167989272, 'lng': 10.06854617989272}, 'southwest': {'lat': 53.57191202010728, 'lng': 10.06584652010728}}}"
Carl-Stamm-Park,Mahnmal Hamburger Feuersturm,"20539 Hamburg, Deutschland","{'location': {'lat': 53.5360875, 'lng': 10.0424959}, 'viewport': {'northeast': {'lat': 53.53753987989272, 'lng': 10.04372957989272}, 'southwest': {'lat': 53.53484022010727, 'lng': 10.04102992010728}}}"
Herbstscher Park,Herbstscher Park,"Herbstscher Park, Frustbergstraße, 22453 Hamburg, Deutschland","{'location': {'lat': 53.6082949, 'lng': 9.9736345}, 'viewport': {'northeast': {'lat': 53.60961987989273, 'lng': 9.975294529892723}, 'southwest': {'lat': 53.60692022010728, 'lng': 9.97259487010728}}}"
Jungmanninsel,Jung von Matt/HAMBURG GmbH,"Glashüttenstraße 79, 20357 Hamburg, Deutschland","{'location': {'lat': 53.56006619999999, 'lng': 9.973846400000001}, 'viewport': {'northeast': {'lat': 53.56143642989273, 'lng': 9.974821529892724}, 'southwest': {'lat': 53.55873677010728, 'lng': 9.97212187010728}}}"
Am Husarendenkmal,Am Husarendenkmal,"Am Husarendenkmal, 22043 Wandsbek, Deutschland","{'location': {'lat': 53.5642887, 'lng': 10.0752518}, 'viewport': {'northeast': {'lat': 53.56563852989272, 'lng': 10.07660162989272}, 'southwest': {'lat': 53.56293887010728, 'lng': 10.07390197010728}}}"
Grünzug Hammer Landstraße,Grünzug Lokstedt,"Emil-Andresen-Straße, 22529 Hamburg, Deutschland","{'location': {'lat': 53.5914014, 'lng': 9.949627}, 'viewport': {'northeast': {'lat': 53.59275597989271, 'lng': 9.95097007989272}, 'southwest': {'lat': 53.59005632010727, 'lng': 9.948270420107276}}}"
Grünanlage Försterweg,Kleingärtnerverein Sandkuhle e.V.,"Försterweg 31, 22525 Hamburg, Deutschland","{'location': {'lat': 53.5767009, 'lng': 9.930678}, 'viewport': {'northeast': {'lat': 53.57824377989272, 'lng': 9.931898629892723}, 'southwest': {'lat': 53.57554412010727, 'lng': 9.92919897010728}}}"
Hohe Landwehr,Hohe Landwehr,"Hohe Landwehr, 20535 Hamburg, Deutschland","{'location': {'lat': 53.5575056, 'lng': 10.0407918}, 'viewport': {'northeast': {'lat': 53.55885542989272, 'lng': 10.04214162989272}, 'southwest': {'lat': 53.55615577010728, 'lng': 10.03944197010728}}}"
Hohe Landwehr,Hohe Landwehr,"Hohe Landwehr, 20535 Hamburg, Deutschland","{'location': {'lat': 53.5575056, 'lng': 10.0407918}, 'viewport': {'northeast': {'lat': 53.55885542989272, 'lng': 10.04214162989272}, 'southwest': {'lat': 53.55615577010728, 'lng': 10.03944197010728}}}"
Grüne Mitte Hohenfelde,Grüne Mitte Hohenfelde,"Hohenfelder Terrasse, 22087 Hamburg, Deutschland","{'location': {'lat': 53.561372, 'lng': 10.0240169}, 'viewport': {'northeast': {'lat': 53.56261867989272, 'lng': 10.02571307989272}, 'southwest': {'lat': 53.55991902010728, 'lng': 10.02301342010728}}}"
Max-Schmeling-Park,Max-Schmeling-Park,"21073 Hamburg, Deutschland","{'location': {'lat': 53.4586962, 'lng': 9.978696}, 'viewport': {'northeast': {'lat': 53.46015292989272, 'lng': 9.979981929892721}, 'southwest': {'lat': 53.45745327010728, 'lng': 9.977282270107278}}}"
Park am Wasserturm,Stadtpark Eimsbüttel,"Hagenbeckstraße 39, 22527 Hamburg, Deutschland","{'location': {'lat': 53.5866751, 'lng': 9.9433118}, 'viewport': {'northeast': {'lat': 53.58802467989272, 'lng': 9.944706629892721}, 'southwest': {'lat': 53.58532502010728, 'lng': 9.942006970107277}}}"
Wolfgang-Borchert-Park,Wolfgang-Borchert-Park,"20249 Hamburg, Deutschland","{'location': {'lat': 53.5913874, 'lng': 9.987641799999999}, 'viewport': {'northeast': {'lat': 53.59275812989272, 'lng': 9.988892129892722}, 'southwest': {'lat': 53.59005847010728, 'lng': 9.986192470107278}}}"
Alsterpark Klein Borstel,Alsterpark,"Alsterparkbrücke, 22335 Hamburg, Deutschland","{'location': {'lat': 53.628311, 'lng': 10.0273599}, 'viewport': {'northeast': {'lat': 53.62981982989272, 'lng': 10.02857452989272}, 'southwest': {'lat': 53.62712017010728, 'lng': 10.02587487010728}}}"
Wohlers Park,Wohlers Park (ehemaliger Norderfriedhof),"Norderreihe 2, 22767 Hamburg, Deutschland","{'location': {'lat': 53.5579226, 'lng': 9.9529894}, 'viewport': {'northeast': {'lat': 53.56068824999999, 'lng': 9.954254779892722}, 'southwest': {'lat': 53.55616445000001, 'lng': 9.951555120107278}}}"
Walter-Möller-Park,Walter-Möller Park,"Walter-Möller Park, 22767 Hamburg, Deutschland","{'location': {'lat': 53.552468, 'lng': 9.952871}, 'viewport': {'northeast': {'lat': 53.5570952, 'lng': 9.954455699999999}, 'southwest': {'lat': 53.5463916, 'lng': 9.9491535}}}"
Kapitän-Schröder-Park,Kapitän-Schröder-Park,"Dosestraße 22, 22767 Hamburg, Deutschland","{'location': {'lat': 53.5473517, 'lng': 9.951353899999999}, 'viewport': {'northeast': {'lat': 53.54875512989273, 'lng': 9.953316429892721}, 'southwest': {'lat': 53.54605547010728, 'lng': 9.950616770107278}}}"
Lindenpark,Spielplatz Lindenpark - Lindenallee,"Lindenallee, 20259 Hamburg, Deutschland","{'location': {'lat': 53.5659905, 'lng': 9.9598471}, 'viewport': {'northeast': {'lat': 53.56741752989272, 'lng': 9.961595929892724}, 'southwest': {'lat': 53.56471787010727, 'lng': 9.95889627010728}}}"
Lindenpark,Spielplatz Lindenpark - Lindenallee,"Lindenallee, 20259 Hamburg, Deutschland","{'location': {'lat': 53.5659905, 'lng': 9.9598471}, 'viewport': {'northeast': {'lat': 53.56741752989272, 'lng': 9.961595929892724}, 'southwest': {'lat': 53.56471787010727, 'lng': 9.95889627010728}}}"
Willinks Park,Willinks Park,"Willinks Park, 22529 Eimsbüttel, Deutschland","{'location': {'lat': 53.6032913, 'lng': 9.9535714}, 'viewport': {'northeast': {'lat': 53.60464112989273, 'lng': 9.95492122989272}, 'southwest': {'lat': 53.60194147010728, 'lng': 9.952221570107277}}}"
Alsterpark Außenalster,Alsterpark,"20148 Hamburg, Deutschland","{'location': {'lat': 53.57208199999999, 'lng': 10.0012476}, 'viewport': {'northeast': {'lat': 53.57403265, 'lng': 10.00199047989272}, 'southwest': {'lat': 53.57131445, 'lng': 9.999290820107278}}}"
Lohbekpark,Grünzug Lohbekpark,"22529 Hamburg, Deutschland","{'location': {'lat': 53.5940551, 'lng': 9.957155499999999}, 'viewport': {'northeast': {'lat': 53.59524342989271, 'lng': 9.958955479892722}, 'southwest': {'lat': 53.59254377010727, 'lng': 9.956255820107279}}}"
Unna-Park,Unnapark,"Unnapark, 20255 Hamburg, Deutschland","{'location': {'lat': 53.5757749, 'lng': 9.9498827}, 'viewport': {'northeast': {'lat': 53.57669107989273, 'lng': 9.9512466}, 'southwest': {'lat': 53.57399142010728, 'lng': 9.9481932}}}"
Sanitaspark,Sanitaspark,"Industriestraße Wilhelmsburg, 21107 Hamburg, Deutschland","{'location': {'lat': 53.5157152, 'lng': 9.984127299999999}, 'viewport': {'northeast': {'lat': 53.51699547989272, 'lng': 9.986637249999998}, 'southwest': {'lat': 53.51429582010727, 'lng': 9.98329065}}}"
Voßbarg,,,
Bondenwald,Bondenwald,"Bondenwald, Eimsbüttel, Deutschland","{'location': {'lat': 53.6183608, 'lng': 9.9402277}, 'viewport': {'northeast': {'lat': 53.61971062989272, 'lng': 9.941577529892722}, 'southwest': {'lat': 53.61701097010728, 'lng': 9.938877870107278}}}"
Puvogel-Garten,Puvogel-Garten,"Schloßstraße 50, 22041 Hamburg, Deutschland","{'location': {'lat': 53.57241149999999, 'lng': 10.0701274}, 'viewport': {'northeast': {'lat': 53.57351727989271, 'lng': 10.07160897989272}, 'southwest': {'lat': 53.57081762010727, 'lng': 10.06890932010728}}}"
Alter Lohbrügger Friedhof,Park Alt-Lohbrügger Friedhof,"21033 Hamburg, Deutschland","{'location': {'lat': 53.4979893, 'lng': 10.2004263}, 'viewport': {'northeast': {'lat': 53.49914337989272, 'lng': 10.20184877989272}, 'southwest': {'lat': 53.49644372010728, 'lng': 10.19914912010728}}}"
Gebrüder-Cohen-Park,Gebrüder-Cohen-Park,"An d. Horeburg 10, 21079 Hamburg, Deutschland","{'location': {'lat': 53.4690009, 'lng': 9.9849909}, 'viewport': {'northeast': {'lat': 53.47038357989273, 'lng': 9.986195779892721}, 'southwest': {'lat': 53.46768392010728, 'lng': 9.983496120107278}}}"
Bei der Friedenseiche,b. d. Friedenseiche,"b. d. Friedenseiche, Altona, Deutschland","{'location': {'lat': 53.5542805, 'lng': 9.9409405}, 'viewport': {'northeast': {'lat': 53.55563032989272, 'lng': 9.942290329892723}, 'southwest': {'lat': 53.55293067010728, 'lng': 9.939590670107279}}}"
Spielplatz „Rollerbahn“,Kinderspielplatz Rollerbahn,"22049 Hamburg, Deutschland","{'location': {'lat': 53.585456, 'lng': 10.0684282}, 'viewport': {'northeast': {'lat': 53.58666952989272, 'lng': 10.06973827989272}, 'southwest': {'lat': 53.58396987010727, 'lng': 10.06703862010728}}}"
Grünzug Eilbek,Spielplatz im Grünzug Dulsberg-West,"Dulsberg-Nord 13, 22049 Hamburg, Deutschland","{'location': {'lat': 53.5830764, 'lng': 10.0607585}, 'viewport': {'northeast': {'lat': 53.58439277989272, 'lng': 10.06213882989272}, 'southwest': {'lat': 53.58169312010728, 'lng': 10.05943917010728}}}"
Grünzug Eilbek,Spielplatz im Grünzug Dulsberg-West,"Dulsberg-Nord 13, 22049 Hamburg, Deutschland","{'location': {'lat': 53.5830764, 'lng': 10.0607585}, 'viewport': {'northeast': {'lat': 53.58439277989272, 'lng': 10.06213882989272}, 'southwest': {'lat': 53.58169312010728, 'lng': 10.05943917010728}}}"
Grünzug Eilbek,Spielplatz im Grünzug Dulsberg-West,"Dulsberg-Nord 13, 22049 Hamburg, Deutschland","{'location': {'lat': 53.5830764, 'lng': 10.0607585}, 'viewport': {'northeast': {'lat': 53.58439277989272, 'lng': 10.06213882989272}, 'southwest': {'lat': 53.58169312010728, 'lng': 10.05943917010728}}}"
Grünzug Eilbek,Spielplatz im Grünzug Dulsberg-West,"Dulsberg-Nord 13, 22049 Hamburg, Deutschland","{'location': {'lat': 53.5830764, 'lng': 10.0607585}, 'viewport': {'northeast': {'lat': 53.58439277989272, 'lng': 10.06213882989272}, 'southwest': {'lat': 53.58169312010728, 'lng': 10.05943917010728}}}"
Harburger Brücken Grünzug Nord,"Grünanlage ""Harburger Brücken""","Theodor-Yorck-Straße, 21079 Hamburg, Deutschland","{'location': {'lat': 53.4645519, 'lng': 9.987215299999999}, 'viewport': {'northeast': {'lat': 53.46584442989273, 'lng': 9.98899212989272}, 'southwest': {'lat': 53.46314477010728, 'lng': 9.986292470107276}}}"
Wiese Mitte Altona,Quartierspark Mitte Altona,"Emma-Poel-Straße 10, 22765 Hamburg, Deutschland","{'location': {'lat': 53.5606225, 'lng': 9.9375609}, 'viewport': {'northeast': {'lat': 53.56249677989272, 'lng': 9.939236979892723}, 'southwest': {'lat': 53.55979712010728, 'lng': 9.936537320107279}}}"
Kaskadenpark,Kaskadenpark,"Kaskadenpark, 22045 Wandsbek, Deutschland","{'location': {'lat': 53.5805404, 'lng': 10.1345208}, 'viewport': {'northeast': {'lat': 53.58189022989271, 'lng': 10.13587062989272}, 'southwest': {'lat': 53.57919057010727, 'lng': 10.13317097010728}}}"
Sternenpark,Nachtmichel,"Hauptkirche St. Michaelis, Engl. Planke 1, 20459 Hamburg, Deutschland","{'location': {'lat': 53.5482478, 'lng': 9.9786299}, 'viewport': {'northeast': {'lat': 53.54956387989272, 'lng': 9.97974492989272}, 'southwest': {'lat': 53.54686422010728, 'lng': 9.977045270107276}}}"
Phylogenetische Uhr,Loki-Schmidt-Garten Botanischer Garten der Universität Hamburg,"Ohnhorststraße (ohne, Hausnummer, 22609 Hamburg, Deutschland","{'location': {'lat': 53.5620176, 'lng': 9.861007899999999}, 'viewport': {'northeast': {'lat': 53.56354965, 'lng': 9.86436985}, 'southwest': {'lat': 53.55742144999999, 'lng': 9.859887249999996}}}"
Bauerngarten,Bauerngarten,"Südring 5, 22303 Hamburg, Deutschland","{'location': {'lat': 53.5919866, 'lng': 10.0208851}, 'viewport': {'northeast': {'lat': 53.59316607989272, 'lng': 10.02222787989272}, 'southwest': {'lat': 53.59046642010728, 'lng': 10.01952822010728}}}"
Apothekergarten,Apothekergarten,"HX7H+8F Planten un Blomen, 20355 Hamburg, Deutschland","{'location': {'lat': 53.5635229, 'lng': 9.9790678}, 'viewport': {'northeast': {'lat': 53.56483552989272, 'lng': 9.980278150000002}, 'southwest': {'lat': 53.56213587010727, 'lng': 9.97543675}}}"
Hindenburgpark,Hindenburgpark,"Hindenburgpark, 22605 Hamburg, Deutschland","{'location': {'lat': 53.546177, 'lng': 9.8779525}, 'viewport': {'northeast': {'lat': 53.54760272989272, 'lng': 9.879364579892721}, 'southwest': {'lat': 53.54490307010727, 'lng': 9.876664920107277}}}"
Tansania-Park,"Kolonialdenkmal, „Tansania Park“","Wilsonstraße 64-68, 22045 Hamburg, Deutschland","{'location': {'lat': 53.5839072, 'lng': 10.1341484}, 'viewport': {'northeast': {'lat': 53.58528332989272, 'lng': 10.13504677989272}, 'southwest': {'lat': 53.58258367010727, 'lng': 10.13234712010728}}}"
Lohmühlenpark,Lohmühlenpark,"Berliner Tor 33, 20099 Hamburg, Deutschland","{'location': {'lat': 53.5558746, 'lng': 10.0217276}, 'viewport': {'northeast': {'lat': 53.55728267989272, 'lng': 10.02321507989272}, 'southwest': {'lat': 53.55458302010727, 'lng': 10.02051542010728}}}"
Elfriede-Lohse-Wächtler-Rosengarten,Rückhaltebecken Elfriede-Lohse-Wächtler-Weg,"Elfriede-Lohse-Wächtler-Weg 8, 22081 Hamburg, Deutschland","{'location': {'lat': 53.5743701, 'lng': 10.0508286}, 'viewport': {'northeast': {'lat': 53.57586447989272, 'lng': 10.05211512989272}, 'southwest': {'lat': 53.57316482010727, 'lng': 10.04941547010728}}}"
Grünzug Dulsberg,Spielplatz im Grünzug Dulsberg-West,"Dulsberg-Nord 13, 22049 Hamburg, Deutschland","{'location': {'lat': 53.5830764, 'lng': 10.0607585}, 'viewport': {'northeast': {'lat': 53.58439277989272, 'lng': 10.06213882989272}, 'southwest': {'lat': 53.58169312010728, 'lng': 10.05943917010728}}}"
Am Botanischen Garten,Loki-Schmidt-Garten Botanischer Garten der Universität Hamburg,"Ohnhorststraße (ohne, Hausnummer, 22609 Hamburg, Deutschland","{'location': {'lat': 53.5620176, 'lng': 9.861007899999999}, 'viewport': {'northeast': {'lat': 53.56354965, 'lng': 9.86436985}, 'southwest': {'lat': 53.55742144999999, 'lng': 9.859887249999996}}}"
Pyrenäen,,,
Kameliental,Kampnagel,"Jarrestraße 20, 22303 Hamburg, Deutschland","{'location': {'lat': 53.5833342, 'lng': 10.0218018}, 'viewport': {'northeast': {'lat': 53.58473982989272, 'lng': 10.02382285}, 'southwest': {'lat': 53.58204017010728, 'lng': 10.01778505}}}"
Johannisplatz,Kinderspielplatz Johannisplatz,"Zum Wachtelkönig 19, 21147 Hamburg, Deutschland","{'location': {'lat': 53.47871850000001, 'lng': 9.853765899999999}, 'viewport': {'northeast': {'lat': 53.48024747989272, 'lng': 9.85505517989272}, 'southwest': {'lat': 53.47754782010728, 'lng': 9.852355520107276}}}"
Kaercher Creek Park,Kärcher Center Lippke,"Hanskampring 2, 22885 Barsbüttel, Deutschland","{'location': {'lat': 53.5780026, 'lng': 10.1913348}, 'viewport': {'northeast': {'lat': 53.57935037989272, 'lng': 10.19268017989272}, 'southwest': {'lat': 53.57665072010728, 'lng': 10.18998052010728}}}"
Hamburg City Park,Stadtpark,"Hamburg, Deutschland","{'location': {'lat': 53.5969843, 'lng': 10.0206957}, 'viewport': {'northeast': {'lat': 53.60488360000001, 'lng': 10.04571765}, 'southwest': {'lat': 53.58650799999999, 'lng': 9.988801450000002}}}"
Hamburg Community Park,Stadtpark,"Hamburg, Deutschland","{'location': {'lat': 53.5969843, 'lng': 10.0206957}, 'viewport': {'northeast': {'lat': 53.60488360000001, 'lng': 10.04571765}, 'southwest': {'lat': 53.58650799999999, 'lng': 9.988801450000002}}}"
Harburger Brücken Grünzug Süd,"Grünanlage ""Harburger Brücken""","Theodor-Yorck-Straße, 21079 Hamburg, Deutschland","{'location': {'lat': 53.4645519, 'lng': 9.987215299999999}, 'viewport': {'northeast': {'lat': 53.46584442989273, 'lng': 9.98899212989272}, 'southwest': {'lat': 53.46314477010728, 'lng': 9.986292470107276}}}"
Bismarckstein Park,Aussichts-Plattform Bismarckstein,"Bismarckstein, 22587 Hamburg, Deutschland","{'location': {'lat': 53.56092229999999, 'lng': 9.7938978}, 'viewport': {'northeast': {'lat': 53.56236142989272, 'lng': 9.795491479892721}, 'southwest': {'lat': 53.55966177010728, 'lng': 9.792791820107277}}}"
Schinkelplatz,Spielplatz Schinkelstraße,"Preystraße 12, 22303 Hamburg, Deutschland","{'location': {'lat': 53.5828571, 'lng': 10.0132422}, 'viewport': {'northeast': {'lat': 53.58410697989272, 'lng': 10.01468222989272}, 'southwest': {'lat': 53.58140732010728, 'lng': 10.01198257010728}}}"
Grüne Mitte Heimfeld,Grüne Mitte,"Walter-Rothenburg-Weg 39, 21035 Hamburg, Deutschland","{'location': {'lat': 53.4865735, 'lng': 10.1542494}, 'viewport': {'northeast': {'lat': 53.48797512989273, 'lng': 10.15500857989272}, 'southwest': {'lat': 53.48527547010728, 'lng': 10.15230892010728}}}"
Deichpark Veddel,Veddeler Deichpark,"20539 Hamburg, Deutschland","{'location': {'lat': 53.5306872, 'lng': 10.022844}, 'viewport': {'northeast': {'lat': 53.53175457989273, 'lng': 10.02441212989272}, 'southwest': {'lat': 53.52905492010728, 'lng': 10.02171247010728}}}"
Hamburg Bicentennial Park,Stadtpark,"Hamburg, Deutschland","{'location': {'lat': 53.5969843, 'lng': 10.0206957}, 'viewport': {'northeast': {'lat': 53.60488360000001, 'lng': 10.04571765}, 'southwest': {'lat': 53.58650799999999, 'lng': 9.988801450000002}}}"
Ballin Park,BallinPark,"BallinPark, 20539 Hamburg, Deutschland","{'location': {'lat': 53.5209586, 'lng': 10.016883}, 'viewport': {'northeast': {'lat': 53.52222232989272, 'lng': 10.0190246}, 'southwest': {'lat': 53.51952267010728, 'lng': 10.0149577}}}"
Wilstorfer Park,Harburger Stadtpark,"Am Kleinen Dahlen 1A, 21077 Hamburg, Deutschland","{'location': {'lat': 53.4472873, 'lng': 9.972139199999999}, 'viewport': {'northeast': {'lat': 53.45919685, 'lng': 9.990615649999999}, 'southwest': {'lat': 53.42796104999999, 'lng': 9.960325850000002}}}"
Erwin-Seeler-Park,Erwin Seeler Park,"20539 Hamburg, Deutschland","{'location': {'lat': 53.5408822, 'lng': 10.0361693}, 'viewport': {'northeast': {'lat': 53.54244147989272, 'lng': 10.03758077989272}, 'southwest': {'lat': 53.53974182010727, 'lng': 10.03488112010728}}}"
Stoltenpark,Stoltenpark,"Eiffestraße 10, 20537 Hamburg, Deutschland","{'location': {'lat': 53.55101639999999, 'lng': 10.0289404}, 'viewport': {'northeast': {'lat': 53.55297917989272, 'lng': 10.03044987989272}, 'southwest': {'lat': 53.55027952010727, 'lng': 10.02775022010728}}}"
Grünzug Wilhelmsburger Dove-Elbe,Wilhelmsburger Dove-Elbe,"Wilhelmsburger Dove-Elbe, 21109 Hamburg, Deutschland","{'location': {'lat': 53.5063559, 'lng': 10.0161588}, 'viewport': {'northeast': {'lat': 53.5146147, 'lng': 10.0276214}, 'southwest': {'lat': 53.5021698, 'lng': 10.0076561}}}"
Grünzug Wilhelmsburger Dove-Elbe,Wilhelmsburger Dove-Elbe,"Wilhelmsburger Dove-Elbe, 21109 Hamburg, Deutschland","{'location': {'lat': 53.5063559, 'lng': 10.0161588}, 'viewport': {'northeast': {'lat': 53.5146147, 'lng': 10.0276214}, 'southwest': {'lat': 53.5021698, 'lng': 10.0076561}}}"
Grünzug Wilhelmsburger Dove-Elbe,Wilhelmsburger Dove-Elbe,"Wilhelmsburger Dove-Elbe, 21109 Hamburg, Deutschland","{'location': {'lat': 53.5063559, 'lng': 10.0161588}, 'viewport': {'northeast': {'lat': 53.5146147, 'lng': 10.0276214}, 'southwest': {'lat': 53.5021698, 'lng': 10.0076561}}}"
Bei der Jugendmusikschule,Staatliche Jugendmusikschule Hamburg,"Mittelweg 42, 20148 Hamburg, Deutschland","{'location': {'lat': 53.5719875, 'lng': 9.993631899999999}, 'viewport': {'northeast': {'lat': 53.57341387989272, 'lng': 9.995362829892722}, 'southwest': {'lat': 53.57071422010728, 'lng': 9.992663170107278}}}"
Kinderspielplatz Kiefernberg,Kiefernberg-Spielplatz,"Kiefernberg 26, 21075 Hamburg, Deutschland","{'location': {'lat': 53.464222, 'lng': 9.952178}, 'viewport': {'northeast': {'lat': 53.46559062989272, 'lng': 9.953588129892722}, 'southwest': {'lat': 53.46289097010727, 'lng': 9.950888470107278}}}"
Stuhlmannplatz,Stuhlmannplatz,"Stuhlmannplatz, 22767 Altona, Deutschland","{'location': {'lat': 53.5538535, 'lng': 9.9460185}, 'viewport': {'northeast': {'lat': 53.55517752989272, 'lng': 9.947413879892721}, 'southwest': {'lat': 53.55247787010727, 'lng': 9.944714220107278}}}"
Sonnenstufen,Café Bar Sonnenseite,"Weidenallee 24, 20357 Hamburg, Deutschland","{'location': {'lat': 53.5674663, 'lng': 9.965056599999999}, 'viewport': {'northeast': {'lat': 53.56879122989272, 'lng': 9.966284579892722}, 'southwest': {'lat': 53.56609157010728, 'lng': 9.963584920107278}}}"
Schlüter Park,Schlüterpark,"Unterer Landweg 21, 22113 Hamburg, Deutschland","{'location': {'lat': 53.5237917, 'lng': 10.108839}, 'viewport': {'northeast': {'lat': 53.52543087989272, 'lng': 10.10970447989272}, 'southwest': {'lat': 53.52273122010727, 'lng': 10.10700482010728}}}"
Oxpark,WABE-Kindertagesstätte OxPark,"Jütlandring 39, 22419 Hamburg, Deutschland","{'location': {'lat': 53.6710907, 'lng': 10.0093735}, 'viewport': {'northeast': {'lat': 53.67241497989272, 'lng': 10.01069492989272}, 'southwest': {'lat': 53.66971532010728, 'lng': 10.00799527010728}}}"
Kemmscher Park,Kemmscher Park,"Wiben-Peter-Straße 16B, 22529 Hamburg, Deutschland","{'location': {'lat': 53.5953211, 'lng': 9.969328899999999}, 'viewport': {'northeast': {'lat': 53.59713342989272, 'lng': 9.970502329892721}, 'southwest': {'lat': 53.59443377010727, 'lng': 9.967802670107277}}}"
Jürgen-W.-Scheutzow-Park,Jürgen-W.-Scheutzow-Park,"Jürgen-W.-Scheutzow-Park, Hammerbrookstraße 5, 20097 Hamburg, Deutschland","{'location': {'lat': 53.5524293, 'lng': 10.0219136}, 'viewport': {'northeast': {'lat': 53.55343517989272, 'lng': 10.0240468}, 'southwest': {'lat': 53.55073552010727, 'lng': 10.0199808}}}"
Regenwald,Abenteuer Regenwald e.V.,"Hölderlinstraße 22A, 22607 Hamburg, Deutschland","{'location': {'lat': 53.5594078, 'lng': 9.8718471}, 'viewport': {'northeast': {'lat': 53.56075547989272, 'lng': 9.873122479892722}, 'southwest': {'lat': 53.55805582010727, 'lng': 9.870422820107278}}}"
Japanischer Garten,Japanischer Garten,"Marseiller Str. 7, 20355 Hamburg, Deutschland","{'location': {'lat': 53.5606872, 'lng': 9.9833942}, 'viewport': {'northeast': {'lat': 53.56163097989272, 'lng': 9.984143350000002}, 'southwest': {'lat': 53.55893132010728, 'lng': 9.98114675}}}"
Alpen,Zahnarzt Henning Alpen,"Stadtbahnstraße 2, 22393 Hamburg, Deutschland","{'location': {'lat': 53.654261, 'lng': 10.1106848}, 'viewport': {'northeast': {'lat': 53.65549147989272, 'lng': 10.11199112989272}, 'southwest': {'lat': 53.65279182010728, 'lng': 10.10929147010728}}}"
Rotary Park,Rotary Club Hamburg,"Ferdinandstraße 59, 20095 Hamburg, Deutschland","{'location': {'lat': 53.55298819999999, 'lng': 9.998563899999999}, 'viewport': {'northeast': {'lat': 53.55439672989272, 'lng': 9.999823579892722}, 'southwest': {'lat': 53.55169707010727, 'lng': 9.997123920107278}}}"
Grüne Fuge,Grüne Fuge,"Merkurring 110, 22143 Hamburg, Deutschland","{'location': {'lat': 53.6079629, 'lng': 10.192358}, 'viewport': {'northeast': {'lat': 53.60922752989272, 'lng': 10.19362907989272}, 'southwest': {'lat': 53.60652787010728, 'lng': 10.19092942010728}}}"
Liegewiese,Liegewiese Winterhuder Kai,"Winterhuder Kai 18, 22299 Hamburg, Deutschland","{'location': {'lat': 53.5955835, 'lng': 9.9923273}, 'viewport': {'northeast': {'lat': 53.59692127989272, 'lng': 9.993845029892723}, 'southwest': {'lat': 53.59422162010728, 'lng': 9.99114537010728}}}"
Merlinplatz,Mellinpassage,"Neuer Wall 11, 20354 Hamburg, Deutschland","{'location': {'lat': 53.5522435, 'lng': 9.9924082}, 'viewport': {'northeast': {'lat': 53.55353512989272, 'lng': 9.99324132989272}, 'southwest': {'lat': 53.55083547010728, 'lng': 9.990541670107277}}}"
Wachtelkönigplatz,Wachtel Eck,"Wachtelstraße 1, 22305 Hamburg, Deutschland","{'location': {'lat': 53.58901179999999, 'lng': 10.0502756}, 'viewport': {'northeast': {'lat': 53.59029592989272, 'lng': 10.05159362989272}, 'southwest': {'lat': 53.58759627010728, 'lng': 10.04889397010728}}}"
Michelwiese,Michelwiese,"20459 Hamburg, Deutschland","{'location': {'lat': 53.5466316, 'lng': 9.9785605}, 'viewport': {'northeast': {'lat': 53.54847767989272, 'lng': 9.979772329892722}, 'southwest': {'lat': 53.54577802010728, 'lng': 9.977072670107278}}}"
Golden Acres Park,,,
Hochwasserbassin,Hochwasserbassin,"Hochwasserbassin, Hamburg, Deutschland","{'location': {'lat': 53.5464268, 'lng': 10.0311516}, 'viewport': {'northeast': {'lat': 53.5505776, 'lng': 10.035011}, 'southwest': {'lat': 53.5425181, 'lng': 10.0273352}}}"
Grünzug Bei der Apostelkirche,Isebek-Grünzug,"Henriettenstraße 69, 20259 Hamburg, Deutschland","{'location': {'lat': 53.5748786, 'lng': 9.9523726}, 'viewport': {'northeast': {'lat': 53.57627007989272, 'lng': 9.953868429892724}, 'southwest': {'lat': 53.57357042010728, 'lng': 9.95116877010728}}}"
Pocket-Park Paciusweg,Pocket Park Paciusweg,"Paciusweg, 20257 Hamburg, Deutschland","{'location': {'lat': 53.57667130000001, 'lng': 9.9386622}, 'viewport': {'northeast': {'lat': 53.57810662989272, 'lng': 9.94024617989272}, 'southwest': {'lat': 53.57540697010728, 'lng': 9.937546520107276}}}"
Innenhof,Innenhof,"Nagelsweg 22b, 20097 Hamburg, Deutschland","{'location': {'lat': 53.5475041, 'lng': 10.0184548}, 'viewport': {'northeast': {'lat': 53.54893007989272, 'lng': 10.02007912989272}, 'southwest': {'lat': 53.54623042010728, 'lng': 10.01737947010728}}}"
Literarischer Garten,"Mahnmal ""Verhörzelle""","Geschwister-Scholl-Straße, 20251 Hamburg, Deutschland","{'location': {'lat': 53.5944808, 'lng': 9.9871339}, 'viewport': {'northeast': {'lat': 53.59580537989272, 'lng': 9.988471979892722}, 'southwest': {'lat': 53.59310572010728, 'lng': 9.985772320107278}}}"
Hawks Park,HAWKS Racing,"Berliner Tor 9, 20099 Hamburg, Deutschland","{'location': {'lat': 53.556645, 'lng': 10.023791}, 'viewport': {'northeast': {'lat': 53.55814392989272, 'lng': 10.02526862989272}, 'southwest': {'lat': 53.55544427010728, 'lng': 10.02256897010728}}}"
Park Strandhöft,Strandhöft,"20457 Hamburg, Deutschland","{'location': {'lat': 53.5399121, 'lng': 9.9881279}, 'viewport': {'northeast': {'lat': 53.54220595, 'lng': 9.989365929892722}, 'southwest': {'lat': 53.53907095, 'lng': 9.986666270107278}}}"
Rübenkamp,Rübenkamp,"Rübenkamp, Hamburg-Nord, Deutschland","{'location': {'lat': 53.6026637, 'lng': 10.0353949}, 'viewport': {'northeast': {'lat': 53.60401352989273, 'lng': 10.03674472989272}, 'southwest': {'lat': 53.60131387010728, 'lng': 10.03404507010728}}}"
Otto von Bahren Park,Otto von Bahrenpark,"Paul-Dessau-Straße 5, 22761 Hamburg, Deutschland","{'location': {'lat': 53.5620856, 'lng': 9.9175346}, 'viewport': {'northeast': {'lat': 53.56346902989272, 'lng': 9.919206779892724}, 'southwest': {'lat': 53.56076937010727, 'lng': 9.91650712010728}}}"
Horneckswisch,Konditorei Horn,"Grelckstraße 11, 22529 Hamburg, Deutschland","{'location': {'lat': 53.60073329999999, 'lng': 9.9567252}, 'viewport': {'northeast': {'lat': 53.60206037989271, 'lng': 9.95797577989272}, 'southwest': {'lat': 53.59936072010727, 'lng': 9.955276120107277}}}"
